{
  "restaurants": [
    {
      "name": "Nation 52 lounge and bar",
      "description": "North Indian restaurant",
      "location": "Cummins College pune",
      "contact": " 07775980052",
      "imageUrl": "https://lh3.googleusercontent.com/p/AF1QipNjB71c60rXEYhhKI2YFWDlN08pcFCGfRHHQHUx=s680-w680-h510",
      "id": "db6a"
    },
    {
      "name": "Sarovar Restaurant",
      "description": "Serves vegan dishes vhb",
      "location": " Karve Nagar, Pune",
      "contact": "545467890",
      "id": "3283"
    },
    {
      "id": "84f0",
      "name": "Basari Dining",
      "description": "Reservations required",
      "location": "Warje Jakat Naka,Pune",
      "contact": " 08069245378",
      "imageUrl": "https://lh5.googleusercontent.com/p/AF1QipMN5SKDNi0zyLRQDYqZgHviaNQQaxS08znSrJ6p=w260-h175-n-k-no"
    },
    {
      "name": "One Way Foods",
      "description": " Has outdoor seating ",
      "location": "Anand Nagar, Pune",
      "contact": "9503742316",
      "id": "bd76"
    },
    {
      "id": "fa64",
      "name": "Sinhagad Restaurant",
      "description": "Serves vegetarian dishes · Has kids' menu",
      "location": " Khadewadi, Pune",
      "contact": " 08390666066",
      "imageUrl": "https://lh3.googleusercontent.com/p/AF1QipPaLL31_WRWmhi-tkdZSiiNieu6hu9GttaiwrsR=s680-w680-h510"
    },
    {
      "id": "4d16",
      "name": "admin",
      "description": "tfyugij",
      "location": "Kolhapur",
      "contact": " 07775980052"
    }
  ],
  "categories": [
    {
      "name": "food 1",
      "id": "b55e"
    },
    {
      "name": "icecream",
      "id": "c5c7"
    },
    {
      "name": "lunch",
      "id": "2749"
    },
    {
      "id": "8e9f",
      "name": "breakfast"
    }
  ],
  "menus": [
    {
      "name": "paneer masala",
      "description": "aedb v ",
      "price": 20,
      "categoryId": "2749",
      "id": "8163"
    }
  ]
}